OrderID,CustomerID,EmployeeID,OrderDate,RequiredDate,ShippedDate,ShipVia,Freight
10248,VINET,5,00:00.0,00:00.0,00:00.0,3,32.38
10249,TOMSP,6,00:00.0,00:00.0,00:00.0,1,11.61
10250,HANAR,4,00:00.0,00:00.0,00:00.0,2,65.83
10251,VICTE,3,00:00.0,00:00.0,00:00.0,1,41.34
10252,SUPRD,4,00:00.0,00:00.0,00:00.0,2,51.3
10253,HANAR,3,00:00.0,00:00.0,00:00.0,2,58.17
10254,CHOPS,5,00:00.0,00:00.0,00:00.0,2,22.98
10255,RICSU,9,00:00.0,00:00.0,00:00.0,3,148.33
10256,WELLI,3,00:00.0,00:00.0,00:00.0,2,13.97
10257,HILAA,4,00:00.0,00:00.0,00:00.0,3,81.91
10258,ERNSH,1,00:00.0,00:00.0,00:00.0,1,140.51
10259,CENTC,4,00:00.0,00:00.0,00:00.0,3,3.25
10260,OTTIK,4,00:00.0,00:00.0,00:00.0,1,55.09
10261,QUEDE,4,00:00.0,00:00.0,00:00.0,2,3.05
10262,RATTC,8,00:00.0,00:00.0,00:00.0,3,48.29
10263,ERNSH,9,00:00.0,00:00.0,00:00.0,3,146.06
10264,FOLKO,6,00:00.0,00:00.0,00:00.0,3,3.67
10265,BLONP,2,00:00.0,00:00.0,00:00.0,1,55.28
10266,WARTH,3,00:00.0,00:00.0,00:00.0,3,25.73
10267,FRANK,4,00:00.0,00:00.0,00:00.0,1,208.58
10268,GROSR,8,00:00.0,00:00.0,00:00.0,3,66.29
10269,WHITC,5,00:00.0,00:00.0,00:00.0,1,4.56
10270,WARTH,1,00:00.0,00:00.0,00:00.0,1,136.54
10271,SPLIR,6,00:00.0,00:00.0,00:00.0,2,4.54
10272,RATTC,6,00:00.0,00:00.0,00:00.0,2,98.03
10273,QUICK,3,00:00.0,00:00.0,00:00.0,3,76.07
10274,VINET,6,00:00.0,00:00.0,00:00.0,1,6.01
10275,MAGAA,1,00:00.0,00:00.0,00:00.0,1,26.93
10276,TORTU,8,00:00.0,00:00.0,00:00.0,3,13.84
10277,MORGK,2,00:00.0,00:00.0,00:00.0,3,125.77
10278,BERGS,8,00:00.0,00:00.0,00:00.0,2,92.69
10279,LEHMS,8,00:00.0,00:00.0,00:00.0,2,25.83
10280,BERGS,2,00:00.0,00:00.0,00:00.0,1,8.98
10281,ROMEY,4,00:00.0,00:00.0,00:00.0,1,2.94
10282,ROMEY,4,00:00.0,00:00.0,00:00.0,1,12.69
10283,LILAS,3,00:00.0,00:00.0,00:00.0,3,84.81
10284,LEHMS,4,00:00.0,00:00.0,00:00.0,1,76.56
10285,QUICK,1,00:00.0,00:00.0,00:00.0,2,76.83
10286,QUICK,8,00:00.0,00:00.0,00:00.0,3,229.24
10287,RICAR,8,00:00.0,00:00.0,00:00.0,3,12.76
10288,REGGC,4,00:00.0,00:00.0,00:00.0,1,7.45
10289,BSBEV,7,00:00.0,00:00.0,00:00.0,3,22.77
10290,COMMI,8,00:00.0,00:00.0,00:00.0,1,79.7
10291,QUEDE,6,00:00.0,00:00.0,00:00.0,2,6.4
10292,TRADH,1,00:00.0,00:00.0,00:00.0,2,1.35
10293,TORTU,1,00:00.0,00:00.0,00:00.0,3,21.18
10294,RATTC,4,00:00.0,00:00.0,00:00.0,2,147.26
10295,VINET,2,00:00.0,00:00.0,00:00.0,2,1.15
10296,LILAS,6,00:00.0,00:00.0,00:00.0,1,0.12
10297,BLONP,5,00:00.0,00:00.0,00:00.0,2,5.74
10298,HUNGO,6,00:00.0,00:00.0,00:00.0,2,168.22
10299,RICAR,4,00:00.0,00:00.0,00:00.0,2,29.76
10300,MAGAA,2,00:00.0,00:00.0,00:00.0,2,17.68
10301,WANDK,8,00:00.0,00:00.0,00:00.0,2,45.08
10302,SUPRD,4,00:00.0,00:00.0,00:00.0,2,6.27
10303,GODOS,7,00:00.0,00:00.0,00:00.0,2,107.83
10304,TORTU,1,00:00.0,00:00.0,00:00.0,2,63.79
10305,OLDWO,8,00:00.0,00:00.0,00:00.0,3,257.62
10306,ROMEY,1,00:00.0,00:00.0,00:00.0,3,7.56
10307,LONEP,2,00:00.0,00:00.0,00:00.0,2,0.56
10308,ANATR,7,00:00.0,00:00.0,00:00.0,3,1.61
10309,HUNGO,3,00:00.0,00:00.0,00:00.0,1,47.3
10310,THEBI,8,00:00.0,00:00.0,00:00.0,2,17.52
10311,DUMON,1,00:00.0,00:00.0,00:00.0,3,24.69
10312,WANDK,2,00:00.0,00:00.0,00:00.0,2,40.26
10313,QUICK,2,00:00.0,00:00.0,00:00.0,2,1.96
10314,RATTC,1,00:00.0,00:00.0,00:00.0,2,74.16
10315,ISLAT,4,00:00.0,00:00.0,00:00.0,2,41.76
10316,RATTC,1,00:00.0,00:00.0,00:00.0,3,150.15
10317,LONEP,6,00:00.0,00:00.0,00:00.0,1,12.69
10318,ISLAT,8,00:00.0,00:00.0,00:00.0,2,4.73
10319,TORTU,7,00:00.0,00:00.0,00:00.0,3,64.5
10320,WARTH,5,00:00.0,00:00.0,00:00.0,3,34.57
10321,ISLAT,3,00:00.0,00:00.0,00:00.0,2,3.43
10322,PERIC,7,00:00.0,00:00.0,00:00.0,3,0.4
10323,KOENE,4,00:00.0,00:00.0,00:00.0,1,4.88
10324,SAVEA,9,00:00.0,00:00.0,00:00.0,1,214.27
10325,KOENE,1,00:00.0,00:00.0,00:00.0,3,64.86
10326,BOLID,4,00:00.0,00:00.0,00:00.0,2,77.92
10327,FOLKO,2,00:00.0,00:00.0,00:00.0,1,63.36
10328,FURIB,4,00:00.0,00:00.0,00:00.0,3,87.03
10329,SPLIR,4,00:00.0,00:00.0,00:00.0,2,191.67
10330,LILAS,3,00:00.0,00:00.0,00:00.0,1,12.75
10331,BONAP,9,00:00.0,00:00.0,00:00.0,1,10.19
10332,MEREP,3,00:00.0,00:00.0,00:00.0,2,52.84
10333,WARTH,5,00:00.0,00:00.0,00:00.0,3,0.59
10334,VICTE,8,00:00.0,00:00.0,00:00.0,2,8.56
10335,HUNGO,7,00:00.0,00:00.0,00:00.0,2,42.11
10336,PRINI,7,00:00.0,00:00.0,00:00.0,2,15.51
10337,FRANK,4,00:00.0,00:00.0,00:00.0,3,108.26
10338,OLDWO,4,00:00.0,00:00.0,00:00.0,3,84.21
10339,MEREP,2,00:00.0,00:00.0,00:00.0,2,15.66
10340,BONAP,1,00:00.0,00:00.0,00:00.0,3,166.31
10341,SIMOB,7,00:00.0,00:00.0,00:00.0,3,26.78
10342,FRANK,4,00:00.0,00:00.0,00:00.0,2,54.83
10343,LEHMS,4,00:00.0,00:00.0,00:00.0,1,110.37
10344,WHITC,4,00:00.0,00:00.0,00:00.0,2,23.29
10345,QUICK,2,00:00.0,00:00.0,00:00.0,2,249.06
10346,RATTC,3,00:00.0,00:00.0,00:00.0,3,142.08
10347,FAMIA,4,00:00.0,00:00.0,00:00.0,3,3.1
10348,WANDK,4,00:00.0,00:00.0,00:00.0,2,0.78
10349,SPLIR,7,00:00.0,00:00.0,00:00.0,1,8.63
10350,LAMAI,6,00:00.0,00:00.0,00:00.0,2,64.19
10351,ERNSH,1,00:00.0,00:00.0,00:00.0,1,162.33
10352,FURIB,3,00:00.0,00:00.0,00:00.0,3,1.3
10353,PICCO,7,00:00.0,00:00.0,00:00.0,3,360.63
10354,PERIC,8,00:00.0,00:00.0,00:00.0,3,53.8
10355,AROUT,6,00:00.0,00:00.0,00:00.0,1,41.95
10356,WANDK,6,00:00.0,00:00.0,00:00.0,2,36.71
10357,LILAS,1,00:00.0,00:00.0,00:00.0,3,34.88
10358,LAMAI,5,00:00.0,00:00.0,00:00.0,1,19.64
10359,SEVES,5,00:00.0,00:00.0,00:00.0,3,288.43
10360,BLONP,4,00:00.0,00:00.0,00:00.0,3,131.7
10361,QUICK,1,00:00.0,00:00.0,00:00.0,2,183.17
10362,BONAP,3,00:00.0,00:00.0,00:00.0,1,96.04
10363,DRACD,4,00:00.0,00:00.0,00:00.0,3,30.54
10364,EASTC,1,00:00.0,00:00.0,00:00.0,1,71.97
10365,ANTON,3,00:00.0,00:00.0,00:00.0,2,22
10366,GALED,8,00:00.0,00:00.0,00:00.0,2,10.14
10367,VAFFE,7,00:00.0,00:00.0,00:00.0,3,13.55
10368,ERNSH,2,00:00.0,00:00.0,00:00.0,2,101.95
10369,SPLIR,8,00:00.0,00:00.0,00:00.0,2,195.68
10370,CHOPS,6,00:00.0,00:00.0,00:00.0,2,1.17
10371,LAMAI,1,00:00.0,00:00.0,00:00.0,1,0.45
10372,QUEEN,5,00:00.0,00:00.0,00:00.0,2,890.78
10373,HUNGO,4,00:00.0,00:00.0,00:00.0,3,124.12
10374,WOLZA,1,00:00.0,00:00.0,00:00.0,3,3.94
10375,HUNGC,3,00:00.0,00:00.0,00:00.0,2,20.12
10376,MEREP,1,00:00.0,00:00.0,00:00.0,2,20.39
10377,SEVES,1,00:00.0,00:00.0,00:00.0,3,22.21
10378,FOLKO,5,00:00.0,00:00.0,00:00.0,3,5.44
10379,QUEDE,2,00:00.0,00:00.0,00:00.0,1,45.03
10380,HUNGO,8,00:00.0,00:00.0,00:00.0,3,35.03
10381,LILAS,3,00:00.0,00:00.0,00:00.0,3,7.99
10382,ERNSH,4,00:00.0,00:00.0,00:00.0,1,94.77
10383,AROUT,8,00:00.0,00:00.0,00:00.0,3,34.24
10384,BERGS,3,00:00.0,00:00.0,00:00.0,3,168.64
10385,SPLIR,1,00:00.0,00:00.0,00:00.0,2,30.96
10386,FAMIA,9,00:00.0,00:00.0,00:00.0,3,13.99
10387,SANTG,1,00:00.0,00:00.0,00:00.0,2,93.63
10388,SEVES,2,00:00.0,00:00.0,00:00.0,1,34.86
10389,BOTTM,4,00:00.0,00:00.0,00:00.0,2,47.42
10390,ERNSH,6,00:00.0,00:00.0,00:00.0,1,126.38
10391,DRACD,3,00:00.0,00:00.0,00:00.0,3,5.45
10392,PICCO,2,00:00.0,00:00.0,00:00.0,3,122.46
10393,SAVEA,1,00:00.0,00:00.0,00:00.0,3,126.56
10394,HUNGC,1,00:00.0,00:00.0,00:00.0,3,30.34
10395,HILAA,6,00:00.0,00:00.0,00:00.0,1,184.41
10396,FRANK,1,00:00.0,00:00.0,00:00.0,3,135.35
10397,PRINI,5,00:00.0,00:00.0,00:00.0,1,60.26
10398,SAVEA,2,00:00.0,00:00.0,00:00.0,3,89.16
10399,VAFFE,8,00:00.0,00:00.0,00:00.0,3,27.36
10400,EASTC,1,00:00.0,00:00.0,00:00.0,3,83.93
10401,RATTC,1,00:00.0,00:00.0,00:00.0,1,12.51
10402,ERNSH,8,00:00.0,00:00.0,00:00.0,2,67.88
10403,ERNSH,4,00:00.0,00:00.0,00:00.0,3,73.79
10404,MAGAA,2,00:00.0,00:00.0,00:00.0,1,155.97
10405,LINOD,1,00:00.0,00:00.0,00:00.0,1,34.82
10406,QUEEN,7,00:00.0,00:00.0,00:00.0,1,108.04
10407,OTTIK,2,00:00.0,00:00.0,00:00.0,2,91.48
10408,FOLIG,8,00:00.0,00:00.0,00:00.0,1,11.26
10409,OCEAN,3,00:00.0,00:00.0,00:00.0,1,29.83
10410,BOTTM,3,00:00.0,00:00.0,00:00.0,3,2.4
10411,BOTTM,9,00:00.0,00:00.0,00:00.0,3,23.65
10412,WARTH,8,00:00.0,00:00.0,00:00.0,2,3.77
10413,LAMAI,3,00:00.0,00:00.0,00:00.0,2,95.66
10414,FAMIA,2,00:00.0,00:00.0,00:00.0,3,21.48
10415,HUNGC,3,00:00.0,00:00.0,00:00.0,1,0.2
10416,WARTH,8,00:00.0,00:00.0,00:00.0,3,22.72
10417,SIMOB,4,00:00.0,00:00.0,00:00.0,3,70.29
10418,QUICK,4,00:00.0,00:00.0,00:00.0,1,17.55
10419,RICSU,4,00:00.0,00:00.0,00:00.0,2,137.35
10420,WELLI,3,00:00.0,00:00.0,00:00.0,1,44.12
10421,QUEDE,8,00:00.0,00:00.0,00:00.0,1,99.23
10422,FRANS,2,00:00.0,00:00.0,00:00.0,1,3.02
10423,GOURL,6,00:00.0,00:00.0,00:00.0,3,24.5
10424,MEREP,7,00:00.0,00:00.0,00:00.0,2,370.61
10425,LAMAI,6,00:00.0,00:00.0,00:00.0,2,7.93
10426,GALED,4,00:00.0,00:00.0,00:00.0,1,18.69
10427,PICCO,4,00:00.0,00:00.0,00:00.0,2,31.29
10428,REGGC,7,00:00.0,00:00.0,00:00.0,1,11.09
10429,HUNGO,3,00:00.0,00:00.0,00:00.0,2,56.63
10430,ERNSH,4,00:00.0,00:00.0,00:00.0,1,458.78
10431,BOTTM,4,00:00.0,00:00.0,00:00.0,2,44.17
10432,SPLIR,3,00:00.0,00:00.0,00:00.0,2,4.34
10433,PRINI,3,00:00.0,00:00.0,00:00.0,3,73.83
10434,FOLKO,3,00:00.0,00:00.0,00:00.0,2,17.92
10435,CONSH,8,00:00.0,00:00.0,00:00.0,2,9.21
10436,BLONP,3,00:00.0,00:00.0,00:00.0,2,156.66
10437,WARTH,8,00:00.0,00:00.0,00:00.0,1,19.97
10438,TOMSP,3,00:00.0,00:00.0,00:00.0,2,8.24
10439,MEREP,6,00:00.0,00:00.0,00:00.0,3,4.07
10440,SAVEA,4,00:00.0,00:00.0,00:00.0,2,86.53
10441,OLDWO,3,00:00.0,00:00.0,00:00.0,2,73.02
10442,ERNSH,3,00:00.0,00:00.0,00:00.0,2,47.94
10443,REGGC,8,00:00.0,00:00.0,00:00.0,1,13.95
10444,BERGS,3,00:00.0,00:00.0,00:00.0,3,3.5
10445,BERGS,3,00:00.0,00:00.0,00:00.0,1,9.3
10446,TOMSP,6,00:00.0,00:00.0,00:00.0,1,14.68
10447,RICAR,4,00:00.0,00:00.0,00:00.0,2,68.66
10448,RANCH,4,00:00.0,00:00.0,00:00.0,2,38.82
10449,BLONP,3,00:00.0,00:00.0,00:00.0,2,53.3
10450,VICTE,8,00:00.0,00:00.0,00:00.0,2,7.23
10451,QUICK,4,00:00.0,00:00.0,00:00.0,3,189.09
10452,SAVEA,8,00:00.0,00:00.0,00:00.0,1,140.26
10453,AROUT,1,00:00.0,00:00.0,00:00.0,2,25.36
10454,LAMAI,4,00:00.0,00:00.0,00:00.0,3,2.74
10455,WARTH,8,00:00.0,00:00.0,00:00.0,2,180.45
10456,KOENE,8,00:00.0,00:00.0,00:00.0,2,8.12
10457,KOENE,2,00:00.0,00:00.0,00:00.0,1,11.57
10458,SUPRD,7,00:00.0,00:00.0,00:00.0,3,147.06
10459,VICTE,4,00:00.0,00:00.0,00:00.0,2,25.09
10460,FOLKO,8,00:00.0,00:00.0,00:00.0,1,16.27
10461,LILAS,1,00:00.0,00:00.0,00:00.0,3,148.61
10462,CONSH,2,00:00.0,00:00.0,00:00.0,1,6.17
10463,SUPRD,5,00:00.0,00:00.0,00:00.0,3,14.78
10464,FURIB,4,00:00.0,00:00.0,00:00.0,2,89
10465,VAFFE,1,00:00.0,00:00.0,00:00.0,3,145.04
10466,COMMI,4,00:00.0,00:00.0,00:00.0,1,11.93
10467,MAGAA,8,00:00.0,00:00.0,00:00.0,2,4.93
10468,KOENE,3,00:00.0,00:00.0,00:00.0,3,44.12
10469,WHITC,1,00:00.0,00:00.0,00:00.0,1,60.18
10470,BONAP,4,00:00.0,00:00.0,00:00.0,2,64.56
10471,BSBEV,2,00:00.0,00:00.0,00:00.0,3,45.59
10472,SEVES,8,00:00.0,00:00.0,00:00.0,1,4.2
10473,ISLAT,1,00:00.0,00:00.0,00:00.0,3,16.37
10474,PERIC,5,00:00.0,00:00.0,00:00.0,2,83.49
10475,SUPRD,9,00:00.0,00:00.0,00:00.0,1,68.52
10476,HILAA,8,00:00.0,00:00.0,00:00.0,3,4.41
10477,PRINI,5,00:00.0,00:00.0,00:00.0,2,13.02
10478,VICTE,2,00:00.0,00:00.0,00:00.0,3,4.81
10479,RATTC,3,00:00.0,00:00.0,00:00.0,3,708.95
10480,FOLIG,6,00:00.0,00:00.0,00:00.0,2,1.35
10481,RICAR,8,00:00.0,00:00.0,00:00.0,2,64.33
10482,LAZYK,1,00:00.0,00:00.0,00:00.0,3,7.48
10483,WHITC,7,00:00.0,00:00.0,00:00.0,2,15.28
10484,BSBEV,3,00:00.0,00:00.0,00:00.0,3,6.88
10485,LINOD,4,00:00.0,00:00.0,00:00.0,2,64.45
10486,HILAA,1,00:00.0,00:00.0,00:00.0,2,30.53
10487,QUEEN,2,00:00.0,00:00.0,00:00.0,2,71.07
10488,FRANK,8,00:00.0,00:00.0,00:00.0,2,4.93
10489,PICCO,6,00:00.0,00:00.0,00:00.0,2,5.29
10490,HILAA,7,00:00.0,00:00.0,00:00.0,2,210.19
10491,FURIB,8,00:00.0,00:00.0,00:00.0,3,16.96
10492,BOTTM,3,00:00.0,00:00.0,00:00.0,1,62.89
10493,LAMAI,4,00:00.0,00:00.0,00:00.0,3,10.64
10494,COMMI,4,00:00.0,00:00.0,00:00.0,2,65.99
10495,LAUGB,3,00:00.0,00:00.0,00:00.0,3,4.65
10496,TRADH,7,00:00.0,00:00.0,00:00.0,2,46.77
10497,LEHMS,7,00:00.0,00:00.0,00:00.0,1,36.21
10498,HILAA,8,00:00.0,00:00.0,00:00.0,2,29.75
10499,LILAS,4,00:00.0,00:00.0,00:00.0,2,102.02
10500,LAMAI,6,00:00.0,00:00.0,00:00.0,1,42.68
10501,BLAUS,9,00:00.0,00:00.0,00:00.0,3,8.85
10502,PERIC,2,00:00.0,00:00.0,00:00.0,1,69.32
10503,HUNGO,6,00:00.0,00:00.0,00:00.0,2,16.74
10504,WHITC,4,00:00.0,00:00.0,00:00.0,3,59.13
10505,MEREP,3,00:00.0,00:00.0,00:00.0,3,7.13
10506,KOENE,9,00:00.0,00:00.0,00:00.0,2,21.19
10507,ANTON,7,00:00.0,00:00.0,00:00.0,1,47.45
10508,OTTIK,1,00:00.0,00:00.0,00:00.0,2,4.99
10509,BLAUS,4,00:00.0,00:00.0,00:00.0,1,0.15
10510,SAVEA,6,00:00.0,00:00.0,00:00.0,3,367.63
10511,BONAP,4,00:00.0,00:00.0,00:00.0,3,350.64
10512,FAMIA,7,00:00.0,00:00.0,00:00.0,2,3.53
10513,WANDK,7,00:00.0,00:00.0,00:00.0,1,105.65
10514,ERNSH,3,00:00.0,00:00.0,00:00.0,2,789.95
10515,QUICK,2,00:00.0,00:00.0,00:00.0,1,204.47
10516,HUNGO,2,00:00.0,00:00.0,00:00.0,3,62.78
10517,NORTS,3,00:00.0,00:00.0,00:00.0,3,32.07
10518,TORTU,4,00:00.0,00:00.0,00:00.0,2,218.15
10519,CHOPS,6,00:00.0,00:00.0,00:00.0,3,91.76
10520,SANTG,7,00:00.0,00:00.0,00:00.0,1,13.37
10521,CACTU,8,00:00.0,00:00.0,00:00.0,2,17.22
10522,LEHMS,4,00:00.0,00:00.0,00:00.0,1,45.33
10523,SEVES,7,00:00.0,00:00.0,00:00.0,2,77.63
10524,BERGS,1,00:00.0,00:00.0,00:00.0,2,244.79
10525,BONAP,1,00:00.0,00:00.0,00:00.0,2,11.06
10526,WARTH,4,00:00.0,00:00.0,00:00.0,2,58.59
10527,QUICK,7,00:00.0,00:00.0,00:00.0,1,41.9
10528,GREAL,6,00:00.0,00:00.0,00:00.0,2,3.35
10529,MAISD,5,00:00.0,00:00.0,00:00.0,2,66.69
10530,PICCO,3,00:00.0,00:00.0,00:00.0,2,339.22
10531,OCEAN,7,00:00.0,00:00.0,00:00.0,1,8.12
10532,EASTC,7,00:00.0,00:00.0,00:00.0,3,74.46
10533,FOLKO,8,00:00.0,00:00.0,00:00.0,1,188.04
10534,LEHMS,8,00:00.0,00:00.0,00:00.0,2,27.94
10535,ANTON,4,00:00.0,00:00.0,00:00.0,1,15.64
10536,LEHMS,3,00:00.0,00:00.0,00:00.0,2,58.88
10537,RICSU,1,00:00.0,00:00.0,00:00.0,1,78.85
10538,BSBEV,9,00:00.0,00:00.0,00:00.0,3,4.87
10539,BSBEV,6,00:00.0,00:00.0,00:00.0,3,12.36
10540,QUICK,3,00:00.0,00:00.0,00:00.0,3,1007.64
10541,HANAR,2,00:00.0,00:00.0,00:00.0,1,68.65
10542,KOENE,1,00:00.0,00:00.0,00:00.0,3,10.95
10543,LILAS,8,00:00.0,00:00.0,00:00.0,2,48.17
10544,LONEP,4,00:00.0,00:00.0,00:00.0,1,24.91
10545,LAZYK,8,00:00.0,00:00.0,00:00.0,2,11.92
10546,VICTE,1,00:00.0,00:00.0,00:00.0,3,194.72
10547,SEVES,3,00:00.0,00:00.0,00:00.0,2,178.43
10548,TOMSP,3,00:00.0,00:00.0,00:00.0,2,1.43
10549,QUICK,5,00:00.0,00:00.0,00:00.0,1,171.24
10550,GODOS,7,00:00.0,00:00.0,00:00.0,3,4.32
10551,FURIB,4,00:00.0,00:00.0,00:00.0,3,72.95
10552,HILAA,2,00:00.0,00:00.0,00:00.0,1,83.22
10553,WARTH,2,00:00.0,00:00.0,00:00.0,2,149.49
10554,OTTIK,4,00:00.0,00:00.0,00:00.0,3,120.97
10555,SAVEA,6,00:00.0,00:00.0,00:00.0,3,252.49
10556,SIMOB,2,00:00.0,00:00.0,00:00.0,1,9.8
10557,LEHMS,9,00:00.0,00:00.0,00:00.0,2,96.72
10558,AROUT,1,00:00.0,00:00.0,00:00.0,2,72.97
10559,BLONP,6,00:00.0,00:00.0,00:00.0,1,8.05
10560,FRANK,8,00:00.0,00:00.0,00:00.0,1,36.65
10561,FOLKO,2,00:00.0,00:00.0,00:00.0,2,242.21
10562,REGGC,1,00:00.0,00:00.0,00:00.0,1,22.95
10563,RICAR,2,00:00.0,00:00.0,00:00.0,2,60.43
10564,RATTC,4,00:00.0,00:00.0,00:00.0,3,13.75
10565,MEREP,8,00:00.0,00:00.0,00:00.0,2,7.15
10566,BLONP,9,00:00.0,00:00.0,00:00.0,1,88.4
10567,HUNGO,1,00:00.0,00:00.0,00:00.0,1,33.97
10568,GALED,3,00:00.0,00:00.0,00:00.0,3,6.54
10569,RATTC,5,00:00.0,00:00.0,00:00.0,1,58.98
10570,MEREP,3,00:00.0,00:00.0,00:00.0,3,188.99
10571,ERNSH,8,00:00.0,00:00.0,00:00.0,3,26.06
10572,BERGS,3,00:00.0,00:00.0,00:00.0,2,116.43
10573,ANTON,7,00:00.0,00:00.0,00:00.0,3,84.84
10574,TRAIH,4,00:00.0,00:00.0,00:00.0,2,37.6
10575,MORGK,5,00:00.0,00:00.0,00:00.0,1,127.34
10576,TORTU,3,00:00.0,00:00.0,00:00.0,3,18.56
10577,TRAIH,9,00:00.0,00:00.0,00:00.0,2,25.41
10578,BSBEV,4,00:00.0,00:00.0,00:00.0,3,29.6
10579,LETSS,1,00:00.0,00:00.0,00:00.0,2,13.73
10580,OTTIK,4,00:00.0,00:00.0,00:00.0,3,75.89
10581,FAMIA,3,00:00.0,00:00.0,00:00.0,1,3.01
10582,BLAUS,3,00:00.0,00:00.0,00:00.0,2,27.71
10583,WARTH,2,00:00.0,00:00.0,00:00.0,2,7.28
10584,BLONP,4,00:00.0,00:00.0,00:00.0,1,59.14
10585,WELLI,7,00:00.0,00:00.0,00:00.0,1,13.41
10586,REGGC,9,00:00.0,00:00.0,00:00.0,1,0.48
10587,QUEDE,1,00:00.0,00:00.0,00:00.0,1,62.52
10588,QUICK,2,00:00.0,00:00.0,00:00.0,3,194.67
10589,GREAL,8,00:00.0,00:00.0,00:00.0,2,4.42
10590,MEREP,4,00:00.0,00:00.0,00:00.0,3,44.77
10591,VAFFE,1,00:00.0,00:00.0,00:00.0,1,55.92
10592,LEHMS,3,00:00.0,00:00.0,00:00.0,1,32.1
10593,LEHMS,7,00:00.0,00:00.0,00:00.0,2,174.2
10594,OLDWO,3,00:00.0,00:00.0,00:00.0,2,5.24
10595,ERNSH,2,00:00.0,00:00.0,00:00.0,1,96.78
10596,WHITC,8,00:00.0,00:00.0,00:00.0,1,16.34
10597,PICCO,7,00:00.0,00:00.0,00:00.0,3,35.12
10598,RATTC,1,00:00.0,00:00.0,00:00.0,3,44.42
10599,BSBEV,6,00:00.0,00:00.0,00:00.0,3,29.98
10600,HUNGC,4,00:00.0,00:00.0,00:00.0,1,45.13
10601,HILAA,7,00:00.0,00:00.0,00:00.0,1,58.3
10602,VAFFE,8,00:00.0,00:00.0,00:00.0,2,2.92
10603,SAVEA,8,00:00.0,00:00.0,00:00.0,2,48.77
10604,FURIB,1,00:00.0,00:00.0,00:00.0,1,7.46
10605,MEREP,1,00:00.0,00:00.0,00:00.0,2,379.13
10606,TRADH,4,00:00.0,00:00.0,00:00.0,3,79.4
10607,SAVEA,5,00:00.0,00:00.0,00:00.0,1,200.24
10608,TOMSP,4,00:00.0,00:00.0,00:00.0,2,27.79
10609,DUMON,7,00:00.0,00:00.0,00:00.0,2,1.85
10610,LAMAI,8,00:00.0,00:00.0,00:00.0,1,26.78
10611,WOLZA,6,00:00.0,00:00.0,00:00.0,2,80.65
10612,SAVEA,1,00:00.0,00:00.0,00:00.0,2,544.08
10613,HILAA,4,00:00.0,00:00.0,00:00.0,2,8.11
10614,BLAUS,8,00:00.0,00:00.0,00:00.0,3,1.93
10615,WILMK,2,00:00.0,00:00.0,00:00.0,3,0.75
10616,GREAL,1,00:00.0,00:00.0,00:00.0,2,116.53
10617,GREAL,4,00:00.0,00:00.0,00:00.0,2,18.53
10618,MEREP,1,00:00.0,00:00.0,00:00.0,1,154.68
10619,MEREP,3,00:00.0,00:00.0,00:00.0,3,91.05
10620,LAUGB,2,00:00.0,00:00.0,00:00.0,3,0.94
10621,ISLAT,4,00:00.0,00:00.0,00:00.0,2,23.73
10622,RICAR,4,00:00.0,00:00.0,00:00.0,3,50.97
10623,FRANK,8,00:00.0,00:00.0,00:00.0,2,97.18
10624,THECR,4,00:00.0,00:00.0,00:00.0,2,94.8
10625,ANATR,3,00:00.0,00:00.0,00:00.0,1,43.9
10626,BERGS,1,00:00.0,00:00.0,00:00.0,2,138.69
10627,SAVEA,8,00:00.0,00:00.0,00:00.0,3,107.46
10628,BLONP,4,00:00.0,00:00.0,00:00.0,3,30.36
10629,GODOS,4,00:00.0,00:00.0,00:00.0,3,85.46
10630,KOENE,1,00:00.0,00:00.0,00:00.0,2,32.35
10631,LAMAI,8,00:00.0,00:00.0,00:00.0,1,0.87
10632,WANDK,8,00:00.0,00:00.0,00:00.0,1,41.38
10633,ERNSH,7,00:00.0,00:00.0,00:00.0,3,477.9
10634,FOLIG,4,00:00.0,00:00.0,00:00.0,3,487.38
10635,MAGAA,8,00:00.0,00:00.0,00:00.0,3,47.46
10636,WARTH,4,00:00.0,00:00.0,00:00.0,1,1.15
10637,QUEEN,6,00:00.0,00:00.0,00:00.0,1,201.29
10638,LINOD,3,00:00.0,00:00.0,00:00.0,1,158.44
10639,SANTG,7,00:00.0,00:00.0,00:00.0,3,38.64
10640,WANDK,4,00:00.0,00:00.0,00:00.0,1,23.55
10641,HILAA,4,00:00.0,00:00.0,00:00.0,2,179.61
10642,SIMOB,7,00:00.0,00:00.0,00:00.0,3,41.89
10643,ALFKI,6,00:00.0,00:00.0,00:00.0,1,29.46
10644,WELLI,3,00:00.0,00:00.0,00:00.0,2,0.14
10645,HANAR,4,00:00.0,00:00.0,00:00.0,1,12.41
10646,HUNGO,9,00:00.0,00:00.0,00:00.0,3,142.33
10647,QUEDE,4,00:00.0,00:00.0,00:00.0,2,45.54
10648,RICAR,5,00:00.0,00:00.0,00:00.0,2,14.25
10649,MAISD,5,00:00.0,00:00.0,00:00.0,3,6.2
10650,FAMIA,5,00:00.0,00:00.0,00:00.0,3,176.81
10651,WANDK,8,00:00.0,00:00.0,00:00.0,2,20.6
10652,GOURL,4,00:00.0,00:00.0,00:00.0,2,7.14
10653,FRANK,1,00:00.0,00:00.0,00:00.0,1,93.25
10654,BERGS,5,00:00.0,00:00.0,00:00.0,1,55.26
10655,REGGC,1,00:00.0,00:00.0,00:00.0,2,4.41
10656,GREAL,6,00:00.0,00:00.0,00:00.0,1,57.15
10657,SAVEA,2,00:00.0,00:00.0,00:00.0,2,352.69
10658,QUICK,4,00:00.0,00:00.0,00:00.0,1,364.15
10659,QUEEN,7,00:00.0,00:00.0,00:00.0,2,105.81
10660,HUNGC,8,00:00.0,00:00.0,00:00.0,1,111.29
10661,HUNGO,7,00:00.0,00:00.0,00:00.0,3,17.55
10662,LONEP,3,00:00.0,00:00.0,00:00.0,2,1.28
10663,BONAP,2,00:00.0,00:00.0,00:00.0,2,113.15
10664,FURIB,1,00:00.0,00:00.0,00:00.0,3,1.27
10665,LONEP,1,00:00.0,00:00.0,00:00.0,2,26.31
10666,RICSU,7,00:00.0,00:00.0,00:00.0,2,232.42
10667,ERNSH,7,00:00.0,00:00.0,00:00.0,1,78.09
10668,WANDK,1,00:00.0,00:00.0,00:00.0,2,47.22
10669,SIMOB,2,00:00.0,00:00.0,00:00.0,1,24.39
10670,FRANK,4,00:00.0,00:00.0,00:00.0,1,203.48
10671,FRANR,1,00:00.0,00:00.0,00:00.0,1,30.34
10672,BERGS,9,00:00.0,00:00.0,00:00.0,2,95.75
10673,WILMK,2,00:00.0,00:00.0,00:00.0,1,22.76
10674,ISLAT,4,00:00.0,00:00.0,00:00.0,2,0.9
10675,FRANK,5,00:00.0,00:00.0,00:00.0,2,31.85
10676,TORTU,2,00:00.0,00:00.0,00:00.0,2,2.01
10677,ANTON,1,00:00.0,00:00.0,00:00.0,3,4.03
10678,SAVEA,7,00:00.0,00:00.0,00:00.0,3,388.98
10679,BLONP,8,00:00.0,00:00.0,00:00.0,3,27.94
10680,OLDWO,1,00:00.0,00:00.0,00:00.0,1,26.61
10681,GREAL,3,00:00.0,00:00.0,00:00.0,3,76.13
10682,ANTON,3,00:00.0,00:00.0,00:00.0,2,36.13
10683,DUMON,2,00:00.0,00:00.0,00:00.0,1,4.4
10684,OTTIK,3,00:00.0,00:00.0,00:00.0,1,145.63
10685,GOURL,4,00:00.0,00:00.0,00:00.0,2,33.75
10686,PICCO,2,00:00.0,00:00.0,00:00.0,1,96.5
10687,HUNGO,9,00:00.0,00:00.0,00:00.0,2,296.43
10688,VAFFE,4,00:00.0,00:00.0,00:00.0,2,299.09
10689,BERGS,1,00:00.0,00:00.0,00:00.0,2,13.42
10690,HANAR,1,00:00.0,00:00.0,00:00.0,1,15.8
10691,QUICK,2,00:00.0,00:00.0,00:00.0,2,810.05
10692,ALFKI,4,00:00.0,00:00.0,00:00.0,2,61.02
10693,WHITC,3,00:00.0,00:00.0,00:00.0,3,139.34
10694,QUICK,8,00:00.0,00:00.0,00:00.0,3,398.36
10695,WILMK,7,00:00.0,00:00.0,00:00.0,1,16.72
10696,WHITC,8,00:00.0,00:00.0,00:00.0,3,102.55
10697,LINOD,3,00:00.0,00:00.0,00:00.0,1,45.52
10698,ERNSH,4,00:00.0,00:00.0,00:00.0,1,272.47
10699,MORGK,3,00:00.0,00:00.0,00:00.0,3,0.58
10700,SAVEA,3,00:00.0,00:00.0,00:00.0,1,65.1
10701,HUNGO,6,00:00.0,00:00.0,00:00.0,3,220.31
10702,ALFKI,4,00:00.0,00:00.0,00:00.0,1,23.94
10703,FOLKO,6,00:00.0,00:00.0,00:00.0,2,152.3
10704,QUEEN,6,00:00.0,00:00.0,00:00.0,1,4.78
10705,HILAA,9,00:00.0,00:00.0,00:00.0,2,3.52
10706,OLDWO,8,00:00.0,00:00.0,00:00.0,3,135.63
10707,AROUT,4,00:00.0,00:00.0,00:00.0,3,21.74
10708,THEBI,6,00:00.0,00:00.0,00:00.0,2,2.96
10709,GOURL,1,00:00.0,00:00.0,00:00.0,3,210.8
10710,FRANS,1,00:00.0,00:00.0,00:00.0,1,4.98
10711,SAVEA,5,00:00.0,00:00.0,00:00.0,2,52.41
10712,HUNGO,3,00:00.0,00:00.0,00:00.0,1,89.93
10713,SAVEA,1,00:00.0,00:00.0,00:00.0,1,167.05
10714,SAVEA,5,00:00.0,00:00.0,00:00.0,3,24.49
10715,BONAP,3,00:00.0,00:00.0,00:00.0,1,63.2
10716,RANCH,4,00:00.0,00:00.0,00:00.0,2,22.57
10717,FRANK,1,00:00.0,00:00.0,00:00.0,2,59.25
10718,KOENE,1,00:00.0,00:00.0,00:00.0,3,170.88
10719,LETSS,8,00:00.0,00:00.0,00:00.0,2,51.44
10720,QUEDE,8,00:00.0,00:00.0,00:00.0,2,9.53
10721,QUICK,5,00:00.0,00:00.0,00:00.0,3,48.92
10722,SAVEA,8,00:00.0,00:00.0,00:00.0,1,74.58
10723,WHITC,3,00:00.0,00:00.0,00:00.0,1,21.72
10724,MEREP,8,00:00.0,00:00.0,00:00.0,2,57.75
10725,FAMIA,4,00:00.0,00:00.0,00:00.0,3,10.83
10726,EASTC,4,00:00.0,00:00.0,00:00.0,1,16.56
10727,REGGC,2,00:00.0,00:00.0,00:00.0,1,89.9
10728,QUEEN,4,00:00.0,00:00.0,00:00.0,2,58.33
10729,LINOD,8,00:00.0,00:00.0,00:00.0,3,141.06
10730,BONAP,5,00:00.0,00:00.0,00:00.0,1,20.12
10731,CHOPS,7,00:00.0,00:00.0,00:00.0,1,96.65
10732,BONAP,3,00:00.0,00:00.0,00:00.0,1,16.97
10733,BERGS,1,00:00.0,00:00.0,00:00.0,3,110.11
10734,GOURL,2,00:00.0,00:00.0,00:00.0,3,1.63
10735,LETSS,6,00:00.0,00:00.0,00:00.0,2,45.97
10736,HUNGO,9,00:00.0,00:00.0,00:00.0,2,44.1
10737,VINET,2,00:00.0,00:00.0,00:00.0,2,7.79
10738,SPECD,2,00:00.0,00:00.0,00:00.0,1,2.91
10739,VINET,3,00:00.0,00:00.0,00:00.0,3,11.08
10740,WHITC,4,00:00.0,00:00.0,00:00.0,2,81.88
10741,AROUT,4,00:00.0,00:00.0,00:00.0,3,10.96
10742,BOTTM,3,00:00.0,00:00.0,00:00.0,3,243.73
10743,AROUT,1,00:00.0,00:00.0,00:00.0,2,23.72
10744,VAFFE,6,00:00.0,00:00.0,00:00.0,1,69.19
10745,QUICK,9,00:00.0,00:00.0,00:00.0,1,3.52
10746,CHOPS,1,00:00.0,00:00.0,00:00.0,3,31.43
10747,PICCO,6,00:00.0,00:00.0,00:00.0,1,117.33
10748,SAVEA,3,00:00.0,00:00.0,00:00.0,1,232.55
10749,ISLAT,4,00:00.0,00:00.0,00:00.0,2,61.53
10750,WARTH,9,00:00.0,00:00.0,00:00.0,1,79.3
10751,RICSU,3,00:00.0,00:00.0,00:00.0,3,130.79
10752,NORTS,2,00:00.0,00:00.0,00:00.0,3,1.39
10753,FRANS,3,00:00.0,00:00.0,00:00.0,1,7.7
10754,MAGAA,6,00:00.0,00:00.0,00:00.0,3,2.38
10755,BONAP,4,00:00.0,00:00.0,00:00.0,2,16.71
10756,SPLIR,8,00:00.0,00:00.0,00:00.0,2,73.21
10757,SAVEA,6,00:00.0,00:00.0,00:00.0,1,8.19
10758,RICSU,3,00:00.0,00:00.0,00:00.0,3,138.17
10759,ANATR,3,00:00.0,00:00.0,00:00.0,3,11.99
10760,MAISD,4,00:00.0,00:00.0,00:00.0,1,155.64
10761,RATTC,5,00:00.0,00:00.0,00:00.0,2,18.66
10762,FOLKO,3,00:00.0,00:00.0,00:00.0,1,328.74
10763,FOLIG,3,00:00.0,00:00.0,00:00.0,3,37.35
10764,ERNSH,6,00:00.0,00:00.0,00:00.0,3,145.45
10765,QUICK,3,00:00.0,00:00.0,00:00.0,3,42.74
10766,OTTIK,4,00:00.0,00:00.0,00:00.0,1,157.55
10767,SUPRD,4,00:00.0,00:00.0,00:00.0,3,1.59
10768,AROUT,3,00:00.0,00:00.0,00:00.0,2,146.32
10769,VAFFE,3,00:00.0,00:00.0,00:00.0,1,65.06
10770,HANAR,8,00:00.0,00:00.0,00:00.0,3,5.32
10771,ERNSH,9,00:00.0,00:00.0,00:00.0,2,11.19
10772,LEHMS,3,00:00.0,00:00.0,00:00.0,2,91.28
10773,ERNSH,1,00:00.0,00:00.0,00:00.0,3,96.43
10774,FOLKO,4,00:00.0,00:00.0,00:00.0,1,48.2
10775,THECR,7,00:00.0,00:00.0,00:00.0,1,20.25
10776,ERNSH,1,00:00.0,00:00.0,00:00.0,3,351.53
10777,GOURL,7,00:00.0,00:00.0,00:00.0,2,3.01
10778,BERGS,3,00:00.0,00:00.0,00:00.0,1,6.79
10779,MORGK,3,00:00.0,00:00.0,00:00.0,2,58.13
10780,LILAS,2,00:00.0,00:00.0,00:00.0,1,42.13
10781,WARTH,2,00:00.0,00:00.0,00:00.0,3,73.16
10782,CACTU,9,00:00.0,00:00.0,00:00.0,3,1.1
10783,HANAR,4,00:00.0,00:00.0,00:00.0,2,124.98
10784,MAGAA,4,00:00.0,00:00.0,00:00.0,3,70.09
10785,GROSR,1,00:00.0,00:00.0,00:00.0,3,1.51
10786,QUEEN,8,00:00.0,00:00.0,00:00.0,1,110.87
10787,LAMAI,2,00:00.0,00:00.0,00:00.0,1,249.93
10788,QUICK,1,00:00.0,00:00.0,00:00.0,2,42.7
10789,FOLIG,1,00:00.0,00:00.0,00:00.0,2,100.6
10790,GOURL,6,00:00.0,00:00.0,00:00.0,1,28.23
10791,FRANK,6,00:00.0,00:00.0,00:00.0,2,16.85
10792,WOLZA,1,00:00.0,00:00.0,00:00.0,3,23.79
10793,AROUT,3,00:00.0,00:00.0,00:00.0,3,4.52
10794,QUEDE,6,00:00.0,00:00.0,00:00.0,1,21.49
10795,ERNSH,8,00:00.0,00:00.0,00:00.0,2,126.66
10796,HILAA,3,00:00.0,00:00.0,00:00.0,1,26.52
10797,DRACD,7,00:00.0,00:00.0,00:00.0,2,33.35
10798,ISLAT,2,00:00.0,00:00.0,00:00.0,1,2.33
10799,KOENE,9,00:00.0,00:00.0,00:00.0,3,30.76
10800,SEVES,1,00:00.0,00:00.0,00:00.0,3,137.44
10801,BOLID,4,00:00.0,00:00.0,00:00.0,2,97.09
10802,SIMOB,4,00:00.0,00:00.0,00:00.0,2,257.26
10803,WELLI,4,00:00.0,00:00.0,00:00.0,1,55.23
10804,SEVES,6,00:00.0,00:00.0,00:00.0,2,27.33
10805,THEBI,2,00:00.0,00:00.0,00:00.0,3,237.34
10806,VICTE,3,00:00.0,00:00.0,00:00.0,2,22.11
10807,FRANS,4,00:00.0,00:00.0,00:00.0,1,1.36
10808,OLDWO,2,00:00.0,00:00.0,00:00.0,3,45.53
10809,WELLI,7,00:00.0,00:00.0,00:00.0,1,4.87
10810,LAUGB,2,00:00.0,00:00.0,00:00.0,3,4.33
10811,LINOD,8,00:00.0,00:00.0,00:00.0,1,31.22
10812,REGGC,5,00:00.0,00:00.0,00:00.0,1,59.78
10813,RICAR,1,00:00.0,00:00.0,00:00.0,1,47.38
10814,VICTE,3,00:00.0,00:00.0,00:00.0,3,130.94
10815,SAVEA,2,00:00.0,00:00.0,00:00.0,3,14.62
10816,GREAL,4,00:00.0,00:00.0,00:00.0,2,719.78
10817,KOENE,3,00:00.0,00:00.0,00:00.0,2,306.07
10818,MAGAA,7,00:00.0,00:00.0,00:00.0,3,65.48
10819,CACTU,2,00:00.0,00:00.0,00:00.0,3,19.76
10820,RATTC,3,00:00.0,00:00.0,00:00.0,2,37.52
10821,SPLIR,1,00:00.0,00:00.0,00:00.0,1,36.68
10822,TRAIH,6,00:00.0,00:00.0,00:00.0,3,7
10823,LILAS,5,00:00.0,00:00.0,00:00.0,2,163.97
10824,FOLKO,8,00:00.0,00:00.0,00:00.0,1,1.23
10825,DRACD,1,00:00.0,00:00.0,00:00.0,1,79.25
10826,BLONP,6,00:00.0,00:00.0,00:00.0,1,7.09
10827,BONAP,1,00:00.0,00:00.0,00:00.0,2,63.54
10828,RANCH,9,00:00.0,00:00.0,00:00.0,1,90.85
10829,ISLAT,9,00:00.0,00:00.0,00:00.0,1,154.72
10830,TRADH,4,00:00.0,00:00.0,00:00.0,2,81.83
10831,SANTG,3,00:00.0,00:00.0,00:00.0,2,72.19
10832,LAMAI,2,00:00.0,00:00.0,00:00.0,2,43.26
10833,OTTIK,6,00:00.0,00:00.0,00:00.0,2,71.49
10834,TRADH,1,00:00.0,00:00.0,00:00.0,3,29.78
10835,ALFKI,1,00:00.0,00:00.0,00:00.0,3,69.53
10836,ERNSH,7,00:00.0,00:00.0,00:00.0,1,411.88
10837,BERGS,9,00:00.0,00:00.0,00:00.0,3,13.32
10838,LINOD,3,00:00.0,00:00.0,00:00.0,3,59.28
10839,TRADH,3,00:00.0,00:00.0,00:00.0,3,35.43
10840,LINOD,4,00:00.0,00:00.0,00:00.0,2,2.71
10841,SUPRD,5,00:00.0,00:00.0,00:00.0,2,424.3
10842,TORTU,1,00:00.0,00:00.0,00:00.0,3,54.42
10843,VICTE,4,00:00.0,00:00.0,00:00.0,2,9.26
10844,PICCO,8,00:00.0,00:00.0,00:00.0,2,25.22
10845,QUICK,8,00:00.0,00:00.0,00:00.0,1,212.98
10846,SUPRD,2,00:00.0,00:00.0,00:00.0,3,56.46
10847,SAVEA,4,00:00.0,00:00.0,00:00.0,3,487.57
10848,CONSH,7,00:00.0,00:00.0,00:00.0,2,38.24
10849,KOENE,9,00:00.0,00:00.0,00:00.0,2,0.56
10850,VICTE,1,00:00.0,00:00.0,00:00.0,1,49.19
10851,RICAR,5,00:00.0,00:00.0,00:00.0,1,160.55
10852,RATTC,8,00:00.0,00:00.0,00:00.0,1,174.05
10853,BLAUS,9,00:00.0,00:00.0,00:00.0,2,53.83
10854,ERNSH,3,00:00.0,00:00.0,00:00.0,2,100.22
10855,OLDWO,3,00:00.0,00:00.0,00:00.0,1,170.97
10856,ANTON,3,00:00.0,00:00.0,00:00.0,2,58.43
10857,BERGS,8,00:00.0,00:00.0,00:00.0,2,188.85
10858,LACOR,2,00:00.0,00:00.0,00:00.0,1,52.51
10859,FRANK,1,00:00.0,00:00.0,00:00.0,2,76.1
10860,FRANR,3,00:00.0,00:00.0,00:00.0,3,19.26
10861,WHITC,4,00:00.0,00:00.0,00:00.0,2,14.93
10862,LEHMS,8,00:00.0,00:00.0,00:00.0,2,53.23
10863,HILAA,4,00:00.0,00:00.0,00:00.0,2,30.26
10864,AROUT,4,00:00.0,00:00.0,00:00.0,2,3.04
10865,QUICK,2,00:00.0,00:00.0,00:00.0,1,348.14
10866,BERGS,5,00:00.0,00:00.0,00:00.0,1,109.11
10867,LONEP,6,00:00.0,00:00.0,00:00.0,1,1.93
10868,QUEEN,7,00:00.0,00:00.0,00:00.0,2,191.27
10869,SEVES,5,00:00.0,00:00.0,00:00.0,1,143.28
10870,WOLZA,5,00:00.0,00:00.0,00:00.0,3,12.04
10871,BONAP,9,00:00.0,00:00.0,00:00.0,2,112.27
10872,GODOS,5,00:00.0,00:00.0,00:00.0,2,175.32
10873,WILMK,4,00:00.0,00:00.0,00:00.0,1,0.82
10874,GODOS,5,00:00.0,00:00.0,00:00.0,2,19.58
10875,BERGS,4,00:00.0,00:00.0,00:00.0,2,32.37
10876,BONAP,7,00:00.0,00:00.0,00:00.0,3,60.42
10877,RICAR,1,00:00.0,00:00.0,00:00.0,1,38.06
10878,QUICK,4,00:00.0,00:00.0,00:00.0,1,46.69
10879,WILMK,3,00:00.0,00:00.0,00:00.0,3,8.5
10880,FOLKO,7,00:00.0,00:00.0,00:00.0,1,88.01
10881,CACTU,4,00:00.0,00:00.0,00:00.0,1,2.84
10882,SAVEA,4,00:00.0,00:00.0,00:00.0,3,23.1
10883,LONEP,8,00:00.0,00:00.0,00:00.0,3,0.53
10884,LETSS,4,00:00.0,00:00.0,00:00.0,2,90.97
10885,SUPRD,6,00:00.0,00:00.0,00:00.0,3,5.64
10886,HANAR,1,00:00.0,00:00.0,00:00.0,1,4.99
10887,GALED,8,00:00.0,00:00.0,00:00.0,3,1.25
10888,GODOS,1,00:00.0,00:00.0,00:00.0,2,51.87
10889,RATTC,9,00:00.0,00:00.0,00:00.0,3,280.61
10890,DUMON,7,00:00.0,00:00.0,00:00.0,1,32.76
10891,LEHMS,7,00:00.0,00:00.0,00:00.0,2,20.37
10892,MAISD,4,00:00.0,00:00.0,00:00.0,2,120.27
10893,KOENE,9,00:00.0,00:00.0,00:00.0,2,77.78
10894,SAVEA,1,00:00.0,00:00.0,00:00.0,1,116.13
10895,ERNSH,3,00:00.0,00:00.0,00:00.0,1,162.75
10896,MAISD,7,00:00.0,00:00.0,00:00.0,3,32.45
10897,HUNGO,3,00:00.0,00:00.0,00:00.0,2,603.54
10898,OCEAN,4,00:00.0,00:00.0,00:00.0,2,1.27
10899,LILAS,5,00:00.0,00:00.0,00:00.0,3,1.21
10900,WELLI,1,00:00.0,00:00.0,00:00.0,2,1.66
10901,HILAA,4,00:00.0,00:00.0,00:00.0,1,62.09
10902,FOLKO,1,00:00.0,00:00.0,00:00.0,1,44.15
10903,HANAR,3,00:00.0,00:00.0,00:00.0,3,36.71
10904,WHITC,3,00:00.0,00:00.0,00:00.0,3,162.95
10905,WELLI,9,00:00.0,00:00.0,00:00.0,2,13.72
10906,WOLZA,4,00:00.0,00:00.0,00:00.0,3,26.29
10907,SPECD,6,00:00.0,00:00.0,00:00.0,3,9.19
10908,REGGC,4,00:00.0,00:00.0,00:00.0,2,32.96
10909,SANTG,1,00:00.0,00:00.0,00:00.0,2,53.05
10910,WILMK,1,00:00.0,00:00.0,00:00.0,3,38.11
10911,GODOS,3,00:00.0,00:00.0,00:00.0,1,38.19
10912,HUNGO,2,00:00.0,00:00.0,00:00.0,2,580.91
10913,QUEEN,4,00:00.0,00:00.0,00:00.0,1,33.05
10914,QUEEN,6,00:00.0,00:00.0,00:00.0,1,21.19
10915,TORTU,2,00:00.0,00:00.0,00:00.0,2,3.51
10916,RANCH,1,00:00.0,00:00.0,00:00.0,2,63.77
10917,ROMEY,4,00:00.0,00:00.0,00:00.0,2,8.29
10918,BOTTM,3,00:00.0,00:00.0,00:00.0,3,48.83
10919,LINOD,2,00:00.0,00:00.0,00:00.0,2,19.8
10920,AROUT,4,00:00.0,00:00.0,00:00.0,2,29.61
10921,VAFFE,1,00:00.0,00:00.0,00:00.0,1,176.48
10922,HANAR,5,00:00.0,00:00.0,00:00.0,3,62.74
10923,LAMAI,7,00:00.0,00:00.0,00:00.0,3,68.26
10924,BERGS,3,00:00.0,00:00.0,00:00.0,2,151.52
10925,HANAR,3,00:00.0,00:00.0,00:00.0,1,2.27
10926,ANATR,4,00:00.0,00:00.0,00:00.0,3,39.92
10927,LACOR,4,00:00.0,00:00.0,00:00.0,1,19.79
10928,GALED,1,00:00.0,00:00.0,00:00.0,1,1.36
10929,FRANK,6,00:00.0,00:00.0,00:00.0,1,33.93
10930,SUPRD,4,00:00.0,00:00.0,00:00.0,3,15.55
10931,RICSU,4,00:00.0,00:00.0,00:00.0,2,13.6
10932,BONAP,8,00:00.0,00:00.0,00:00.0,1,134.64
10933,ISLAT,6,00:00.0,00:00.0,00:00.0,3,54.15
10934,LEHMS,3,00:00.0,00:00.0,00:00.0,3,32.01
10935,WELLI,4,00:00.0,00:00.0,00:00.0,3,47.59
10936,GREAL,3,00:00.0,00:00.0,00:00.0,2,33.68
10937,CACTU,7,00:00.0,00:00.0,00:00.0,3,31.51
10938,QUICK,3,00:00.0,00:00.0,00:00.0,2,31.89
10939,MAGAA,2,00:00.0,00:00.0,00:00.0,2,76.33
10940,BONAP,8,00:00.0,00:00.0,00:00.0,3,19.77
10941,SAVEA,7,00:00.0,00:00.0,00:00.0,2,400.81
10942,REGGC,9,00:00.0,00:00.0,00:00.0,3,17.95
10943,BSBEV,4,00:00.0,00:00.0,00:00.0,2,2.17
10944,BOTTM,6,00:00.0,00:00.0,00:00.0,3,52.92
10945,MORGK,4,00:00.0,00:00.0,00:00.0,1,10.22
10946,VAFFE,1,00:00.0,00:00.0,00:00.0,2,27.2
10947,BSBEV,3,00:00.0,00:00.0,00:00.0,2,3.26
10948,GODOS,3,00:00.0,00:00.0,00:00.0,3,23.39
10949,BOTTM,2,00:00.0,00:00.0,00:00.0,3,74.44
10950,MAGAA,1,00:00.0,00:00.0,00:00.0,2,2.5
10951,RICSU,9,00:00.0,00:00.0,00:00.0,2,30.85
10952,ALFKI,1,00:00.0,00:00.0,00:00.0,1,40.42
10953,AROUT,9,00:00.0,00:00.0,00:00.0,2,23.72
10954,LINOD,5,00:00.0,00:00.0,00:00.0,1,27.91
10955,FOLKO,8,00:00.0,00:00.0,00:00.0,2,3.26
10956,BLAUS,6,00:00.0,00:00.0,00:00.0,2,44.65
10957,HILAA,8,00:00.0,00:00.0,00:00.0,3,105.36
10958,OCEAN,7,00:00.0,00:00.0,00:00.0,2,49.56
10959,GOURL,6,00:00.0,00:00.0,00:00.0,2,4.98
10960,HILAA,3,00:00.0,00:00.0,00:00.0,1,2.08
10961,QUEEN,8,00:00.0,00:00.0,00:00.0,1,104.47
10962,QUICK,8,00:00.0,00:00.0,00:00.0,2,275.79
10963,FURIB,9,00:00.0,00:00.0,00:00.0,3,2.7
10964,SPECD,3,00:00.0,00:00.0,00:00.0,2,87.38
10965,OLDWO,6,00:00.0,00:00.0,00:00.0,3,144.38
10966,CHOPS,4,00:00.0,00:00.0,00:00.0,1,27.19
10967,TOMSP,2,00:00.0,00:00.0,00:00.0,2,62.22
10968,ERNSH,1,00:00.0,00:00.0,00:00.0,3,74.6
10969,COMMI,1,00:00.0,00:00.0,00:00.0,2,0.21
10970,BOLID,9,00:00.0,00:00.0,00:00.0,1,16.16
10971,FRANR,2,00:00.0,00:00.0,00:00.0,2,121.82
10972,LACOR,4,00:00.0,00:00.0,00:00.0,2,0.02
10973,LACOR,6,00:00.0,00:00.0,00:00.0,2,15.17
10974,SPLIR,3,00:00.0,00:00.0,00:00.0,3,12.96
10975,BOTTM,1,00:00.0,00:00.0,00:00.0,3,32.27
10976,HILAA,1,00:00.0,00:00.0,00:00.0,1,37.97
10977,FOLKO,8,00:00.0,00:00.0,00:00.0,3,208.5
10978,MAISD,9,00:00.0,00:00.0,00:00.0,2,32.82
10979,ERNSH,8,00:00.0,00:00.0,00:00.0,2,353.07
10980,FOLKO,4,00:00.0,00:00.0,00:00.0,1,1.26
10981,HANAR,1,00:00.0,00:00.0,00:00.0,2,193.37
10982,BOTTM,2,00:00.0,00:00.0,00:00.0,1,14.01
10983,SAVEA,2,00:00.0,00:00.0,00:00.0,2,657.54
10984,SAVEA,1,00:00.0,00:00.0,00:00.0,3,211.22
10985,HUNGO,2,00:00.0,00:00.0,00:00.0,1,91.51
10986,OCEAN,8,00:00.0,00:00.0,00:00.0,2,217.86
10987,EASTC,8,00:00.0,00:00.0,00:00.0,1,185.48
10988,RATTC,3,00:00.0,00:00.0,00:00.0,2,61.14
10989,QUEDE,2,00:00.0,00:00.0,00:00.0,1,34.76
10990,ERNSH,2,00:00.0,00:00.0,00:00.0,3,117.61
10991,QUICK,1,00:00.0,00:00.0,00:00.0,1,38.51
10992,THEBI,1,00:00.0,00:00.0,00:00.0,3,4.27
10993,FOLKO,7,00:00.0,00:00.0,00:00.0,3,8.81
10994,VAFFE,2,00:00.0,00:00.0,00:00.0,3,65.53
10995,PERIC,1,00:00.0,00:00.0,00:00.0,3,46
10996,QUICK,4,00:00.0,00:00.0,00:00.0,2,1.12
10997,LILAS,8,00:00.0,00:00.0,00:00.0,2,73.91
10998,WOLZA,8,00:00.0,00:00.0,00:00.0,2,20.31
10999,OTTIK,6,00:00.0,00:00.0,00:00.0,2,96.35
11000,RATTC,2,00:00.0,00:00.0,00:00.0,3,55.12
11001,FOLKO,2,00:00.0,00:00.0,00:00.0,2,197.3
11002,SAVEA,4,00:00.0,00:00.0,00:00.0,1,141.16
11003,THECR,3,00:00.0,00:00.0,00:00.0,3,14.91
11004,MAISD,3,00:00.0,00:00.0,00:00.0,1,44.84
11005,WILMK,2,00:00.0,00:00.0,00:00.0,1,0.75
11006,GREAL,3,00:00.0,00:00.0,00:00.0,2,25.19
11007,PRINI,8,00:00.0,00:00.0,00:00.0,2,202.24
11008,ERNSH,7,00:00.0,00:00.0,NULL,3,79.46
11009,GODOS,2,00:00.0,00:00.0,00:00.0,1,59.11
11010,REGGC,2,00:00.0,00:00.0,00:00.0,2,28.71
11011,ALFKI,3,00:00.0,00:00.0,00:00.0,1,1.21
11012,FRANK,1,00:00.0,00:00.0,00:00.0,3,242.95
11013,ROMEY,2,00:00.0,00:00.0,00:00.0,1,32.99
11014,LINOD,2,00:00.0,00:00.0,00:00.0,3,23.6
11015,SANTG,2,00:00.0,00:00.0,00:00.0,2,4.62
11016,AROUT,9,00:00.0,00:00.0,00:00.0,2,33.8
11017,ERNSH,9,00:00.0,00:00.0,00:00.0,2,754.26
11018,LONEP,4,00:00.0,00:00.0,00:00.0,2,11.65
11019,RANCH,6,00:00.0,00:00.0,NULL,3,3.17
11020,OTTIK,2,00:00.0,00:00.0,00:00.0,2,43.3
11021,QUICK,3,00:00.0,00:00.0,00:00.0,1,297.18
11022,HANAR,9,00:00.0,00:00.0,00:00.0,2,6.27
11023,BSBEV,1,00:00.0,00:00.0,00:00.0,2,123.83
11024,EASTC,4,00:00.0,00:00.0,00:00.0,1,74.36
11025,WARTH,6,00:00.0,00:00.0,00:00.0,3,29.17
11026,FRANS,4,00:00.0,00:00.0,00:00.0,1,47.09
11027,BOTTM,1,00:00.0,00:00.0,00:00.0,1,52.52
11028,KOENE,2,00:00.0,00:00.0,00:00.0,1,29.59
11029,CHOPS,4,00:00.0,00:00.0,00:00.0,1,47.84
11030,SAVEA,7,00:00.0,00:00.0,00:00.0,2,830.75
11031,SAVEA,6,00:00.0,00:00.0,00:00.0,2,227.22
11032,WHITC,2,00:00.0,00:00.0,00:00.0,3,606.19
11033,RICSU,7,00:00.0,00:00.0,00:00.0,3,84.74
11034,OLDWO,8,00:00.0,00:00.0,00:00.0,1,40.32
11035,SUPRD,2,00:00.0,00:00.0,00:00.0,2,0.17
11036,DRACD,8,00:00.0,00:00.0,00:00.0,3,149.47
11037,GODOS,7,00:00.0,00:00.0,00:00.0,1,3.2
11038,SUPRD,1,00:00.0,00:00.0,00:00.0,2,29.59
11039,LINOD,1,00:00.0,00:00.0,NULL,2,65
11040,GREAL,4,00:00.0,00:00.0,NULL,3,18.84
11041,CHOPS,3,00:00.0,00:00.0,00:00.0,2,48.22
11042,COMMI,2,00:00.0,00:00.0,00:00.0,1,29.99
11043,SPECD,5,00:00.0,00:00.0,00:00.0,2,8.8
11044,WOLZA,4,00:00.0,00:00.0,00:00.0,1,8.72
11045,BOTTM,6,00:00.0,00:00.0,NULL,2,70.58
11046,WANDK,8,00:00.0,00:00.0,00:00.0,2,71.64
11047,EASTC,7,00:00.0,00:00.0,00:00.0,3,46.62
11048,BOTTM,7,00:00.0,00:00.0,00:00.0,3,24.12
11049,GOURL,3,00:00.0,00:00.0,00:00.0,1,8.34
11050,FOLKO,8,00:00.0,00:00.0,00:00.0,2,59.41
11051,LAMAI,7,00:00.0,00:00.0,NULL,3,2.79
11052,HANAR,3,00:00.0,00:00.0,00:00.0,1,67.26
11053,PICCO,2,00:00.0,00:00.0,00:00.0,2,53.05
11054,CACTU,8,00:00.0,00:00.0,NULL,1,0.33
11055,HILAA,7,00:00.0,00:00.0,00:00.0,2,120.92
11056,EASTC,8,00:00.0,00:00.0,00:00.0,2,278.96
11057,NORTS,3,00:00.0,00:00.0,00:00.0,3,4.13
11058,BLAUS,9,00:00.0,00:00.0,NULL,3,31.14
11059,RICAR,2,00:00.0,00:00.0,NULL,2,85.8
11060,FRANS,2,00:00.0,00:00.0,00:00.0,2,10.98
11061,GREAL,4,00:00.0,00:00.0,NULL,3,14.01
11062,REGGC,4,00:00.0,00:00.0,NULL,2,29.93
11063,HUNGO,3,00:00.0,00:00.0,00:00.0,2,81.73
11064,SAVEA,1,00:00.0,00:00.0,00:00.0,1,30.09
11065,LILAS,8,00:00.0,00:00.0,NULL,1,12.91
11066,WHITC,7,00:00.0,00:00.0,00:00.0,2,44.72
11067,DRACD,1,00:00.0,00:00.0,00:00.0,2,7.98
11068,QUEEN,8,00:00.0,00:00.0,NULL,2,81.75
11069,TORTU,1,00:00.0,00:00.0,00:00.0,2,15.67
11070,LEHMS,2,00:00.0,00:00.0,NULL,1,136
11071,LILAS,1,00:00.0,00:00.0,NULL,1,0.93
11072,ERNSH,4,00:00.0,00:00.0,NULL,2,258.64
11073,PERIC,2,00:00.0,00:00.0,NULL,2,24.95
11074,SIMOB,7,00:00.0,00:00.0,NULL,2,18.44
11075,RICSU,8,00:00.0,00:00.0,NULL,2,6.19
11076,BONAP,4,00:00.0,00:00.0,NULL,2,38.28
11077,RATTC,1,00:00.0,00:00.0,NULL,2,8.53
